"(455, 0.9156825859721862)","(282, 0.9152829618104964)","(222, 0.9124114517494395)","(564, 0.9120287188091674)","(317, 0.9092316524476718)","(458, 0.8942906696126038)","(271, 0.8931618836091247)","(479, 0.8906303265347066)","(682, 0.8899370221597831)","(684, 0.8888085212573924)"
"(286, 0.8135519573201487)","(432, 0.8100590755877788)","(337, 0.8063097173203115)","(324, 0.8026039921842618)","(489, 0.7984490813947095)","(54, 0.7934618702726882)","(427, 0.7931434819983569)","(267, 0.7923421983665724)","(502, 0.7892130836819224)","(644, 0.7866421160817623)"
"(663, 0.8178009590809964)","(53, 0.8123900914729905)","(308, 0.8062451634052895)","(721, 0.8004756122918592)","(676, 0.7963378847359853)","(113, 0.7939186948194126)","(44, 0.7928213073598944)","(325, 0.7922765491824919)","(580, 0.7883040545684132)","(715, 0.786942804981857)"
"(715, 0.9103519914467145)","(602, 0.9090682426577061)","(88, 0.8976085128035995)","(61, 0.8947930488506143)","(36, 0.8928488676284716)","(288, 0.8919119074768963)","(621, 0.8911785978414721)","(224, 0.8897144688667213)","(455, 0.8886628900272673)","(438, 0.887999851613553)"
"(286, 0.8686779791012199)","(267, 0.8679902825829697)","(602, 0.8639223096094649)","(288, 0.8605852710075615)","(539, 0.8595990678180315)","(337, 0.8585714830333524)","(350, 0.8502093887640739)","(489, 0.8492271488814092)","(582, 0.8479510750324405)","(580, 0.8465457282559714)"
"(594, 0.8985743496912892)","(663, 0.8931546713084726)","(293, 0.8923390998032388)","(226, 0.8891925773366928)","(44, 0.8877491590943912)","(325, 0.8866254570740733)","(317, 0.8754727372763048)","(264, 0.8738351807764189)","(650, 0.8707366624139556)","(721, 0.8706189744460993)"
"(458, 0.8778463846624348)","(28, 0.8747721647088779)","(503, 0.8723408729442967)","(286, 0.8705530063898358)","(54, 0.8695142678765572)","(288, 0.8649235001214524)","(337, 0.8622238080849877)","(662, 0.8619333649321668)","(413, 0.8609700378124212)","(178, 0.860676466183921)"
"(599, 0.8349491098520994)","(2, 0.8173151369516718)","(487, 0.8151045214362813)","(458, 0.8148538014960323)","(334, 0.811970274784132)","(503, 0.8106602585462511)","(676, 0.809940203850488)","(598, 0.8093111327126634)","(286, 0.7973336300366999)","(342, 0.7959139340491603)"
"(67, 0.8091442845036407)","(200, 0.793120743223223)","(663, 0.7795690818063127)","(293, 0.7695400220820137)","(514, 0.7673349857881825)","(44, 0.7550713955810396)","(594, 0.7546184324751821)","(414, 0.7503752891446038)","(350, 0.7472003888973733)","(448, 0.7438319155053059)"
"(377, 0.73336115191301)","(138, 0.7320189855616199)","(663, 0.7241861554384765)","(602, 0.7235355452764687)","(408, 0.7213045913097578)","(650, 0.7160486444132111)","(423, 0.7111212442959851)","(44, 0.7094414017160985)","(482, 0.7087749191514473)","(589, 0.7049846092941024)"
"(242, 0.8310222720020704)","(430, 0.8238532384476671)","(288, 0.8184106053540801)","(616, 0.8152482603842548)","(70, 0.8145394182132915)","(88, 0.8106949000005417)","(215, 0.8100622527712525)","(169, 0.8100386994849812)","(684, 0.8090207620198323)","(458, 0.808612583901375)"
"(715, 0.8711805674081008)","(602, 0.8688032126290051)","(38, 0.8669324275565378)","(45, 0.8631314560262624)","(413, 0.8592871757909148)","(621, 0.8575476168623455)","(582, 0.8551058784802337)","(36, 0.8549254547499039)","(323, 0.85387724520928)","(546, 0.8520819546975988)"
"(583, 0.8843978986154157)","(317, 0.8723390101596069)","(222, 0.8659251629397633)","(525, 0.8590538154274523)","(455, 0.8583771888488251)","(570, 0.8581663276325475)","(679, 0.8541265909861976)","(479, 0.8538720054529261)","(621, 0.8527938327247857)","(226, 0.8509875115405502)"
"(602, 0.8025092615783718)","(38, 0.7976804019830244)","(323, 0.7911594590423514)","(413, 0.7834602583395226)","(88, 0.7833582037349177)","(102, 0.7832639501596717)","(711, 0.7786302729048844)","(58, 0.7764800690542065)","(546, 0.7753104734086504)","(550, 0.7713534447563279)"
"(70, 0.825223274624723)","(242, 0.8060187554141786)","(430, 0.795322598868784)","(583, 0.7927953692259847)","(288, 0.7924428615202155)","(153, 0.7914700335885348)","(260, 0.7887243273800284)","(458, 0.7856288054463122)","(203, 0.784985881502664)","(616, 0.7843260798852125)"
"(455, 0.9105237712505443)","(134, 0.9047447082669703)","(682, 0.891274102774398)","(583, 0.8776303462104588)","(458, 0.8703018622379689)","(358, 0.8690792777083458)","(439, 0.861273650983183)","(376, 0.8598504054285556)","(288, 0.8587708953640109)","(547, 0.8558654860005783)"
"(458, 0.9041773474980817)","(288, 0.8893368958504488)","(611, 0.8828303294628552)","(334, 0.8762171422570542)","(621, 0.8711504240733008)","(2, 0.8710086046013248)","(342, 0.8687577533014204)","(662, 0.8658405704123524)","(376, 0.8637194521190065)","(479, 0.8632000802018366)"
"(153, 0.8326026897253722)","(137, 0.8224795922052865)","(430, 0.8125992599925804)","(215, 0.797448850320647)","(237, 0.7901280043269674)","(298, 0.7781560290534746)","(111, 0.772440864176744)","(616, 0.7715900986314193)","(119, 0.7680104557851223)","(105, 0.7663694224458)"
"(502, 0.5868124710038874)","(683, 0.5861544112961411)","(335, 0.5830438338091859)","(676, 0.5752372022220391)","(289, 0.5668406207806703)","(155, 0.5655803146248455)","(318, 0.5617819277538498)","(342, 0.5591199754456133)","(255, 0.5572516654431809)","(297, 0.5563093516424475)"
"(229, 0.8504514410707953)","(430, 0.8430176581072601)","(288, 0.8418129725505843)","(242, 0.8381323041892746)","(298, 0.8373718177739227)","(616, 0.83549565180144)","(684, 0.8345005990232862)","(128, 0.8344413931064587)","(224, 0.8344388398244005)","(215, 0.8318474944982839)"
"(227, 0.8632241228122928)","(150, 0.8061480181933457)","(163, 0.7708888555761291)","(27, 0.7541099904054303)","(235, 0.7436553304248349)","(496, 0.7427792536483955)","(82, 0.7331018465285299)","(92, 0.7275896804132909)","(465, 0.7213045913631659)","(318, 0.7174501086756585)"
"(288, 0.8441067413805383)","(36, 0.8429192468035381)","(337, 0.8267360525852481)","(621, 0.8251033325345136)","(611, 0.8249761393685127)","(503, 0.8236125174291804)","(594, 0.8224859166059348)","(336, 0.8222898377586447)","(676, 0.8207028567425725)","(427, 0.8190012434559072)"
"(288, 0.8305338691810666)","(213, 0.8227592305349846)","(297, 0.8182190917537292)","(376, 0.8170342032687954)","(676, 0.8126022423132871)","(88, 0.8109386292774903)","(121, 0.8083478780477608)","(377, 0.8081902968382421)","(458, 0.8067385484775893)","(602, 0.8059269200713752)"
"(88, 0.9144051844089487)","(44, 0.9011097439006112)","(458, 0.900180626261173)","(602, 0.8992459894230393)","(455, 0.8966747115883806)","(487, 0.8961754162193714)","(547, 0.8853127015940592)","(546, 0.8847844041015778)","(663, 0.8846205567277461)","(494, 0.8839536070646983)"
"(350, 0.8487172020108364)","(44, 0.8341053579346697)","(676, 0.8324181721719982)","(594, 0.8278228811402897)","(658, 0.8157935973102981)","(58, 0.8137744687134862)","(413, 0.8124874651130736)","(192, 0.8117618629438006)","(301, 0.8106557429578143)","(550, 0.8095309811735999)"
"(296, 0.9089168457010159)","(715, 0.9080819978746808)","(663, 0.9023270634768054)","(594, 0.8976848554665294)","(265, 0.8961909547168383)","(602, 0.8957672521831263)","(547, 0.8915700198677685)","(213, 0.8901693713022545)","(325, 0.8891281722282662)","(36, 0.8889166411062192)"
"(70, 0.825223274624723)","(242, 0.8060187554141786)","(430, 0.795322598868784)","(583, 0.7927953692259847)","(288, 0.7924428615202155)","(153, 0.7914700335885348)","(260, 0.7887243273800284)","(458, 0.7856288054463122)","(203, 0.784985881502664)","(616, 0.7843260798852125)"
"(242, 0.7506084573279832)","(430, 0.7491607082644318)","(298, 0.7439799506489263)","(153, 0.7347970878971162)","(90, 0.7344840837409046)","(439, 0.7334134983742056)","(583, 0.7315153191807129)","(566, 0.7296786402271929)","(288, 0.7259755263167612)","(580, 0.7251993560602199)"
"(715, 0.9091982869100246)","(602, 0.8981885023273106)","(585, 0.8759879714200827)","(266, 0.8736915791825061)","(546, 0.8693518610330011)","(296, 0.8670360963378079)","(538, 0.8610465469494193)","(88, 0.859857622102191)","(320, 0.8575548303308554)","(663, 0.8560863481191108)"
"(298, 0.8736698949731754)","(129, 0.871401506493864)","(153, 0.8239123503474854)","(49, 0.8180148332448127)","(430, 0.817333326351924)","(616, 0.814084380055364)","(128, 0.8089718636529202)","(193, 0.8059968352508617)","(579, 0.8049983836991637)","(137, 0.803325015416265)"
"(128, 0.8589550771955367)","(430, 0.8478439422903691)","(458, 0.8470243893637273)","(288, 0.8428682859807736)","(376, 0.8420577506073377)","(88, 0.8408779096142256)","(687, 0.8400968981058936)","(682, 0.8351994406500366)","(455, 0.8340640228278582)","(616, 0.8295190524454807)"
"(458, 0.9319681294185047)","(288, 0.9182747643297215)","(54, 0.9126731146351647)","(583, 0.8819078942828058)","(580, 0.8813808813924704)","(503, 0.8772599570639568)","(494, 0.8732558411345825)","(376, 0.8728678104286152)","(662, 0.8728283600205313)","(552, 0.8715054330266864)"
"(663, 0.8754583143480763)","(44, 0.8702923239968996)","(14, 0.8606569801163741)","(350, 0.8603417520313634)","(88, 0.8599440804303107)","(676, 0.8543978629187836)","(377, 0.8512664180045766)","(594, 0.8508393006733692)","(222, 0.8453932034534968)","(602, 0.8383596728023957)"
"(334, 0.8700478390795978)","(499, 0.8579700801787602)","(335, 0.8267861778631663)","(458, 0.819747729742855)","(676, 0.8191429952465017)","(308, 0.816076829424849)","(377, 0.8115585426690415)","(580, 0.8104638386375169)","(687, 0.8100971679269857)","(288, 0.8092054270835876)"
"(427, 0.8714936284609485)","(676, 0.8639697395408832)","(494, 0.8570160008152096)","(323, 0.8479835992989284)","(569, 0.8445931660440167)","(582, 0.8356814595055126)","(580, 0.8330097201385291)","(404, 0.8320941094419814)","(552, 0.8315820934132656)","(715, 0.8314420518495849)"
"(663, 0.8542563279519924)","(66, 0.840087955439093)","(138, 0.8337212627901487)","(412, 0.8131093822898806)","(721, 0.8092377931185706)","(414, 0.7998136702770531)","(44, 0.7954697547273323)","(115, 0.7900159928966212)","(602, 0.7887992427595005)","(546, 0.7873236940081446)"
"(518, 0.7129770357402214)","(576, 0.6566856892946169)","(158, 0.630263140305505)","(707, 0.6254030587357942)","(449, 0.6245406189354319)","(147, 0.6191179381293181)","(43, 0.6146201853281837)","(318, 0.6092818878931494)","(412, 0.6092024317789875)","(683, 0.6068753012583882)"
"(458, 0.8102270028077456)","(288, 0.8055463175505793)","(621, 0.8011600007724564)","(304, 0.7998293647074224)","(672, 0.7990204173892816)","(265, 0.7959331076122975)","(662, 0.7942303075235815)","(21, 0.791899127381368)","(564, 0.7906315193608913)","(451, 0.789332559720702)"
"(448, 0.8000238811677942)","(663, 0.7970904318873535)","(44, 0.7941427039254249)","(547, 0.7884957442477893)","(3, 0.773585079339332)","(594, 0.7723521891729224)","(350, 0.7704604310068676)","(1, 0.7678174664541333)","(658, 0.7606670927423025)","(550, 0.7600741438928627)"
"(448, 0.7918113133309519)","(663, 0.7707833362507281)","(519, 0.7699608507493552)","(44, 0.7611637971430314)","(356, 0.75194241714531)","(14, 0.7501270721875299)","(594, 0.7486435850579412)","(547, 0.7448001892801728)","(67, 0.7423208126155441)","(658, 0.7399629382244495)"
"(288, 0.9168417343631247)","(458, 0.9165605941006097)","(455, 0.9040444379439075)","(439, 0.8982920572718502)","(494, 0.8957376126090962)","(583, 0.8952251785226506)","(611, 0.8927625307808547)","(502, 0.8904880911951524)","(662, 0.8900683756610456)","(682, 0.8879310367048854)"
"(155, 0.6974155704648081)","(715, 0.6965121518684264)","(602, 0.6929253764448867)","(28, 0.6856246876177386)","(288, 0.6837431291157712)","(178, 0.6826136184441877)","(61, 0.6803762232774185)","(44, 0.6802794053504744)","(97, 0.6793330259775405)","(546, 0.6778449759474164)"
"(53, 0.9247728558315884)","(413, 0.903789299127314)","(550, 0.9014414812626199)","(44, 0.8976559729314868)","(663, 0.8890993009890114)","(350, 0.8880785825173014)","(546, 0.8876036037161543)","(226, 0.8863709336664665)","(317, 0.8780943947419138)","(325, 0.87123177121008)"
"(401, 0.8122615308088127)","(21, 0.8020265232569512)","(299, 0.7968516836571351)","(187, 0.796442057534062)","(458, 0.796005838953751)","(455, 0.7936945907784556)","(250, 0.7932751407199404)","(717, 0.7928961088022892)","(583, 0.792027701737837)","(61, 0.7910445349352099)"
"(222, 0.8633212092989172)","(44, 0.8578456257990972)","(658, 0.8460603889259968)","(350, 0.8450339017786532)","(267, 0.8410873220052835)","(594, 0.8357384528857204)","(58, 0.8340509375033833)","(317, 0.8307210799847515)","(404, 0.8280829354993364)","(479, 0.8280786228250737)"
"(54, 0.869633358935127)","(308, 0.8660873455603342)","(303, 0.8634183436634613)","(458, 0.8597555429460229)","(286, 0.8586531899824454)","(503, 0.8555403497880807)","(487, 0.8540381124344019)","(288, 0.8510569976095945)","(28, 0.8504435971399855)","(394, 0.8456602080261784)"
"(621, 0.901467041917941)","(288, 0.8856290315752249)","(676, 0.8851191744225797)","(213, 0.8738098311698053)","(580, 0.8717742812959313)","(616, 0.8704856762117238)","(264, 0.8688835306356192)","(325, 0.8685262558885427)","(204, 0.8658882342419699)","(631, 0.8654350570070464)"
"(44, 0.8842864344629716)","(350, 0.881004486590895)","(663, 0.8803591272801459)","(550, 0.8606647217989776)","(594, 0.8576551120800914)","(658, 0.8481561838832163)","(547, 0.8443025183609345)","(293, 0.8399785583573858)","(413, 0.8398366992691413)","(14, 0.8394239205332019)"
"(242, 0.7499509052750634)","(61, 0.7387962842415539)","(577, 0.7386125271121524)","(222, 0.7373669556507478)","(169, 0.7331711573915214)","(430, 0.7321984473638242)","(88, 0.7300251106743021)","(676, 0.7293914324403803)","(583, 0.7244506162898849)","(663, 0.7205764711025429)"
"(458, 0.871370974969375)","(265, 0.861092988293852)","(583, 0.8585698927033883)","(288, 0.8520943531186254)","(455, 0.8444139196709386)","(525, 0.8395144777647939)","(672, 0.8376996133784316)","(149, 0.8369490147934291)","(621, 0.8367442594447388)","(488, 0.8346580118799938)"
"(663, 0.8871681201480435)","(226, 0.8856174650157372)","(509, 0.8831876992771368)","(621, 0.8783172828946285)","(547, 0.8746267875141553)","(317, 0.8745806647079394)","(274, 0.8707546054502272)","(455, 0.8684971999094928)","(44, 0.868230419858961)","(371, 0.8656376731593961)"
"(44, 0.9210120072599952)","(663, 0.9105972171704841)","(350, 0.9087427261400167)","(413, 0.9047607301445499)","(58, 0.900055311423188)","(317, 0.8993358471481171)","(222, 0.897432696565958)","(621, 0.8952616695370954)","(715, 0.8929490950754126)","(602, 0.8923775119186976)"
"(458, 0.9210338478931301)","(376, 0.9056284060288411)","(487, 0.8986499706721536)","(288, 0.8985567529622531)","(265, 0.8935422042459482)","(621, 0.8916340424588267)","(88, 0.889815775335772)","(631, 0.8896161989384006)","(455, 0.8883554449478999)","(317, 0.8853853864415964)"
"(288, 0.8358249575355372)","(687, 0.8172433713619218)","(494, 0.8161636479756393)","(458, 0.811528990270691)","(459, 0.8086620006856053)","(499, 0.8063847875073853)","(61, 0.8031911761231838)","(54, 0.8026493165663537)","(683, 0.8007019591287932)","(203, 0.7983167279433092)"
"(547, 0.8142274558007465)","(663, 0.8122411522630674)","(44, 0.8103936932909469)","(74, 0.8049354904241465)","(66, 0.8035457877849101)","(53, 0.7971387771458267)","(413, 0.7918837236716747)","(325, 0.7890611288707768)","(479, 0.788383279366331)","(602, 0.7866781908497842)"
"(547, 0.8237058307316587)","(455, 0.8132336457090916)","(376, 0.805478202892978)","(224, 0.8048009806057226)","(494, 0.803282605967472)","(448, 0.80235013173372)","(3, 0.8020399462337244)","(438, 0.7985648259400147)","(138, 0.7961766375029553)","(684, 0.7943422147044519)"
"(342, 0.7717768882546074)","(58, 0.7342722327820325)","(676, 0.7341467423794226)","(2, 0.7339982062097139)","(229, 0.7297832131516884)","(598, 0.7251624638362175)","(111, 0.7164290741223742)","(458, 0.7164205509330281)","(215, 0.7150292233138109)","(334, 0.7102924597029399)"
"(153, 0.7920015261495017)","(401, 0.7911034816197422)","(187, 0.7828456679637991)","(260, 0.7771452472887694)","(488, 0.7713863058243158)","(70, 0.7711673402312561)","(421, 0.7709963447189858)","(158, 0.7660102144227148)","(570, 0.7658950679133538)","(242, 0.7645873104629337)"
"(676, 0.8985449039646138)","(88, 0.8918768015836436)","(494, 0.8839129595987383)","(58, 0.8835101826274776)","(621, 0.8833240346047142)","(458, 0.8820221962145325)","(288, 0.8819335800075581)","(663, 0.879866529567058)","(222, 0.8784698308881221)","(687, 0.8780011549763074)"
"(169, 0.8225941131382957)","(683, 0.7790949463817876)","(144, 0.7646643572551146)","(495, 0.7596967529214504)","(73, 0.7559170092304004)","(88, 0.7458283754162476)","(250, 0.7447324837924394)","(158, 0.7409883447528883)","(242, 0.7386661186446892)","(153, 0.7371117566100098)"
"(616, 0.7830571607353769)","(153, 0.7758802055018776)","(215, 0.7694361659773179)","(430, 0.7501952413173303)","(17, 0.7491557933734696)","(274, 0.7484357302457886)","(455, 0.7474177793110961)","(105, 0.7468267166807256)","(137, 0.7462797629045799)","(320, 0.744974199321094)"
"(687, 0.6878007055477968)","(617, 0.6690461885169026)","(580, 0.6649320149009432)","(278, 0.6557697986061515)","(100, 0.6536474667596041)","(131, 0.6506011554957049)","(120, 0.6493340032838332)","(459, 0.646112361876145)","(167, 0.639833415680777)","(220, 0.6365333608174186)"
"(602, 0.9044299002157652)","(224, 0.8948585922936307)","(546, 0.8881600161228205)","(550, 0.8849106698378291)","(663, 0.8840400171708036)","(226, 0.8827663308208961)","(88, 0.8821295298627814)","(44, 0.8791938615999584)","(715, 0.8776045806368563)","(350, 0.877256793793764)"
"(177, 0.7529117381790562)","(192, 0.7383695307667939)","(58, 0.7141413418127558)","(676, 0.7047485423011254)","(44, 0.6986156710005915)","(168, 0.6939373448225289)","(209, 0.6913456013720909)","(350, 0.6894239904402546)","(139, 0.687150695764922)","(62, 0.687150695764922)"
"(458, 0.8834792841752176)","(376, 0.8817933852978416)","(281, 0.8809243635489725)","(672, 0.8767845894072034)","(288, 0.8721165466816486)","(455, 0.8692330452854262)","(621, 0.8652123258176012)","(226, 0.8620859853019591)","(12, 0.8611207276284117)","(583, 0.8585184517586422)"
"(81, 0.9107949777503104)","(583, 0.8715787358172467)","(479, 0.8640408114349017)","(458, 0.8597938404603993)","(363, 0.8564681760492479)","(288, 0.8552177828255756)","(430, 0.8538972190693727)","(564, 0.8487695887656398)","(570, 0.8479150627030054)","(222, 0.8460333444847581)"
"(288, 0.9074495817353828)","(455, 0.9046427822509742)","(458, 0.90264702334649)","(376, 0.8881048747210377)","(222, 0.8876510121589715)","(479, 0.8873709234936266)","(88, 0.8840341078368401)","(317, 0.8839630612615561)","(547, 0.8809676888281187)","(265, 0.8801546596335963)"
"(120, 0.643758831941082)","(676, 0.6432997986070469)","(14, 0.641261214363771)","(278, 0.638372396536969)","(337, 0.6351536693094871)","(663, 0.6348343819719341)","(661, 0.6344933715157699)","(721, 0.6238249433206495)","(93, 0.6237855410601341)","(288, 0.6216697188959426)"
"(676, 0.911495227367551)","(288, 0.9009276207318149)","(621, 0.9006627203423365)","(88, 0.8972727207283064)","(317, 0.8898299404114439)","(580, 0.8897470955759734)","(458, 0.8864513892535519)","(494, 0.8861767307382054)","(663, 0.8855419634361746)","(483, 0.8825343431482474)"
"(401, 0.8383915208886488)","(100, 0.8069039356398385)","(299, 0.8045849248853112)","(499, 0.8039419748705892)","(34, 0.7892202641733027)","(250, 0.7865601039498895)","(381, 0.7777249804808384)","(587, 0.7746337962871142)","(583, 0.7738728314609278)","(517, 0.7724558887585173)"
"(88, 0.8771875144714383)","(458, 0.8720774423409448)","(439, 0.8714952482247548)","(222, 0.8713137011433223)","(621, 0.8669824867691076)","(288, 0.8669102803930285)","(329, 0.8668624484509404)","(455, 0.86363631935595)","(579, 0.862523147095076)","(479, 0.8602117441030894)"
"(721, 0.8775309333233319)","(44, 0.86608152500944)","(676, 0.863295460246269)","(663, 0.8604194273435387)","(3, 0.8586729157512751)","(413, 0.8576208287679624)","(412, 0.8565017809696578)","(288, 0.8536388250932079)","(414, 0.8533049866770543)","(621, 0.853238073697995)"
"(430, 0.8378022034452279)","(583, 0.8275245607041923)","(215, 0.8199595320207065)","(242, 0.8175035400415895)","(137, 0.8151106346354214)","(687, 0.8132852375190334)","(288, 0.8110846111291041)","(153, 0.8073312246353184)","(105, 0.803769592276667)","(458, 0.802455394908449)"
"(203, 0.8434168775155637)","(394, 0.8369635949131513)","(376, 0.8341947152891647)","(458, 0.8339387980605244)","(61, 0.8323898295464462)","(455, 0.8273364011000552)","(31, 0.8255124325952796)","(583, 0.8224055722383234)","(647, 0.8201175412774819)","(344, 0.8168062224663089)"
"(582, 0.8162750991847031)","(611, 0.7961656628177741)","(427, 0.7951543843656063)","(662, 0.7832135538038557)","(114, 0.7830090202263309)","(409, 0.7778995878413105)","(61, 0.7748680706738774)","(394, 0.7720703716786649)","(552, 0.7686012379231961)","(265, 0.7618434170249782)"
"(683, 0.8222627956828839)","(687, 0.8202719559031018)","(88, 0.8092086087450707)","(158, 0.8068999664550285)","(499, 0.8051725878638532)","(120, 0.7992822732753984)","(61, 0.7975443864505254)","(664, 0.7966381663758155)","(147, 0.7933284652589102)","(421, 0.7909441554509258)"
"(676, 0.8647061063831609)","(377, 0.851085068188757)","(88, 0.8496816089256971)","(580, 0.8471383292450017)","(602, 0.8454619312892543)","(334, 0.8426892338355936)","(663, 0.8425203488765465)","(288, 0.840541555906687)","(325, 0.8380990711492112)","(458, 0.8370745863364711)"
"(73, 0.8006371311405243)","(683, 0.7853687704875777)","(381, 0.7668117198530662)","(169, 0.7663151899182754)","(158, 0.7655527753548853)","(187, 0.7612936126727894)","(250, 0.7591633366295869)","(423, 0.7567798041094508)","(664, 0.7561251313208497)","(227, 0.7535555374435967)"
"(153, 0.8198427063921254)","(242, 0.8196949109058611)","(318, 0.8183999171952193)","(664, 0.8029133639499212)","(320, 0.8025822871057595)","(430, 0.8020704664104037)","(88, 0.801620353578293)","(684, 0.8009989860924626)","(0, 0.7961090077383406)","(683, 0.7953133958908372)"
"(288, 0.910795215135604)","(458, 0.9011331877996243)","(583, 0.9009665636116257)","(88, 0.8972221498557629)","(455, 0.8952660639929393)","(494, 0.8941497446250416)","(265, 0.8935853678243149)","(147, 0.8890663535838423)","(676, 0.8874943911612277)","(203, 0.8857558556442133)"
"(672, 0.8195440732174134)","(265, 0.8135927078042027)","(715, 0.8123854182802592)","(458, 0.806364613501251)","(288, 0.8062837712117471)","(226, 0.8057804941865806)","(585, 0.8017421270302235)","(296, 0.8016807451875082)","(631, 0.8006627029907127)","(616, 0.7984674502229816)"
"(169, 0.8252406671115398)","(495, 0.7820135881978154)","(144, 0.7726485957737026)","(227, 0.7647114551962895)","(496, 0.7538332572272479)","(683, 0.7520908881950629)","(88, 0.7491187133514461)","(14, 0.7431368786882547)","(70, 0.7387237072881429)","(189, 0.737256055391097)"
"(650, 0.8403659782030307)","(550, 0.8213476630964529)","(293, 0.81629296482655)","(663, 0.8133999500729423)","(594, 0.8053888888039507)","(546, 0.8047803795287746)","(350, 0.8021393556461234)","(602, 0.8002020767692393)","(67, 0.7995137460693913)","(44, 0.7958165394070424)"
"(465, 0.5797206405274291)","(227, 0.5634718268435808)","(173, 0.5503810361307446)","(82, 0.5329967540050375)","(150, 0.5309404391268577)","(27, 0.4909507210733417)","(683, 0.46997154592940255)","(144, 0.46568200270030535)","(131, 0.46410580095581905)","(252, 0.4627573727880896)"
"(663, 0.8321875158247136)","(325, 0.8307425166184772)","(594, 0.83067156125832)","(44, 0.8283488161673558)","(560, 0.8155820397274531)","(479, 0.8123139958924827)","(413, 0.8115462330713433)","(88, 0.8074478514501827)","(222, 0.8056607406654113)","(546, 0.8047385725054594)"
"(70, 0.856360651211712)","(616, 0.8065254284159362)","(430, 0.8000794787706738)","(274, 0.7968920872418643)","(193, 0.79602352014846)","(215, 0.7922561598386331)","(242, 0.7900160147145234)","(298, 0.7899493773488756)","(260, 0.7894190700004999)","(224, 0.7870112651650576)"
"(74, 0.8599410382423323)","(44, 0.8218747550116658)","(66, 0.8214403736760885)","(602, 0.8115040816416976)","(115, 0.8066967837396983)","(663, 0.8024353734774275)","(350, 0.7971022903142161)","(107, 0.7911410077128573)","(413, 0.790509144653258)","(138, 0.7891715440165455)"
"(455, 0.8415206984618377)","(358, 0.8396925465627447)","(438, 0.8374377596770026)","(682, 0.8346537264665409)","(288, 0.8326170002623339)","(580, 0.8298964727929636)","(458, 0.8286086940294842)","(509, 0.8261836992303133)","(222, 0.8250255572361036)","(494, 0.8244786336622028)"
"(455, 0.8686471768421855)","(547, 0.8664148812327215)","(274, 0.8533874277013438)","(296, 0.852115897366209)","(271, 0.8513887381865834)","(545, 0.8453968477467111)","(325, 0.8442332576379936)","(22, 0.8423983810738997)","(663, 0.842358516214988)","(371, 0.8383898486561306)"
"(413, 0.9206864920912051)","(663, 0.920281232686017)","(44, 0.9161216696577452)","(546, 0.9125193911944642)","(547, 0.910890808651843)","(350, 0.9063102043596043)","(621, 0.9061499323878754)","(317, 0.9057401352182698)","(288, 0.9038785802787267)","(602, 0.9025883667025247)"
"(663, 0.9292654752517495)","(479, 0.9255906109602616)","(455, 0.9225012328143627)","(325, 0.9197110874194335)","(288, 0.9166567098302658)","(44, 0.9151626166921429)","(304, 0.9146653823974148)","(226, 0.9124507997212943)","(547, 0.9107466083689273)","(265, 0.9100409490685446)"
"(376, 0.8341809773699917)","(676, 0.8319871983870324)","(494, 0.824837127742543)","(88, 0.8230932169902239)","(224, 0.8177236007683617)","(721, 0.8154582378435665)","(334, 0.8126842753286607)","(598, 0.8106651910854717)","(589, 0.8088668768376389)","(147, 0.8076128418728514)"
"(583, 0.8048301599293892)","(421, 0.8041178248061839)","(683, 0.7833140764734206)","(570, 0.7801704448781536)","(244, 0.7751846519207666)","(147, 0.7744115178252816)","(525, 0.7725482124174947)","(374, 0.768750902203372)","(61, 0.7676039677383428)","(679, 0.7661904634909444)"
"(70, 0.8212836825961889)","(169, 0.7811130530074202)","(144, 0.774128973883817)","(14, 0.7678507309214644)","(298, 0.7635767228422325)","(242, 0.7622481715224005)","(88, 0.7605152402915883)","(215, 0.7603699837116513)","(224, 0.7589979941295752)","(616, 0.7562016868317653)"
"(448, 0.8301713598234132)","(663, 0.8239775938691849)","(547, 0.8178673457887577)","(44, 0.8164688057722129)","(350, 0.7907111665918114)","(1, 0.7903663834970299)","(3, 0.7900235174635145)","(594, 0.7898445162835338)","(138, 0.784938812874644)","(550, 0.7847197684081019)"
"(663, 0.8184216337182144)","(547, 0.8173122942935003)","(598, 0.8139785395318939)","(676, 0.812050448581715)","(36, 0.8069336144290693)","(377, 0.8033730710072604)","(288, 0.8027428333508861)","(88, 0.8000778003851836)","(438, 0.799340480213433)","(334, 0.7977011739561974)"
"(44, 0.8409855667584615)","(222, 0.8186599091593567)","(350, 0.8079874769530969)","(413, 0.8057555535338051)","(621, 0.7985242818520317)","(560, 0.7968431078494843)","(317, 0.7964567512781162)","(564, 0.7955665912829459)","(663, 0.7943050039506874)","(479, 0.7910543240338974)"
"(44, 0.9060301653834495)","(88, 0.8912996236544081)","(663, 0.8831640079786756)","(546, 0.8811214719204461)","(602, 0.8798132387986863)","(350, 0.8703743568614098)","(413, 0.8675087189241036)","(222, 0.8650543461929183)","(550, 0.8607317350534686)","(317, 0.8570571832754217)"
"(663, 0.6478234401299713)","(509, 0.6424924497996877)","(88, 0.6301028417014347)","(608, 0.6287627577309456)","(242, 0.6282619816978765)","(226, 0.6264881109692304)","(564, 0.6261085580981917)","(721, 0.6224599045107941)","(408, 0.6201797641526936)","(605, 0.6191811246131893)"
"(173, 0.7622598483151892)","(227, 0.6901719734033862)","(683, 0.6584131554670973)","(85, 0.6539202385552685)","(150, 0.6500265276546449)","(465, 0.637886447539749)","(27, 0.6226944651532998)","(131, 0.619688457023098)","(163, 0.6092789040389301)","(423, 0.5956802129238381)"
"(621, 0.8536294689909094)","(44, 0.8521397249630409)","(547, 0.8480002810655584)","(96, 0.8469893881542583)","(88, 0.8456406382784394)","(350, 0.8448675246949546)","(46, 0.8441044025825684)","(413, 0.8441009784516869)","(663, 0.8427382023567312)","(317, 0.8424147747947213)"
"(88, 0.7980903556059422)","(664, 0.7789315078739438)","(583, 0.7783911144689795)","(570, 0.7773094884129523)","(224, 0.7764640150402171)","(663, 0.7753516224957551)","(317, 0.7749302786895832)","(13, 0.7746432923986721)","(222, 0.7732518056571434)","(44, 0.7726827319930013)"
"(88, 0.8810292677161753)","(455, 0.8742216642357774)","(547, 0.8699412215879316)","(663, 0.8590937662656297)","(317, 0.858836380001327)","(458, 0.8529334169604708)","(138, 0.8529036437050691)","(224, 0.8494984225861866)","(448, 0.8451701171424483)","(61, 0.844508801530591)"
"(299, 0.7842183833277221)","(187, 0.7811709348675283)","(227, 0.779211476410026)","(695, 0.7665424722253908)","(61, 0.74299701810478)","(679, 0.7417492266923176)","(250, 0.7354270804034677)","(401, 0.7349225585291106)","(158, 0.7342233014170534)","(683, 0.7336943667983458)"
"(44, 0.857105417486776)","(663, 0.8536492192267309)","(350, 0.8461497974865286)","(658, 0.8240198009692472)","(550, 0.8229076817107429)","(448, 0.8220190030333402)","(594, 0.8185453893316036)","(547, 0.8146423689365055)","(413, 0.8057045603510922)","(293, 0.8054569716578128)"
"(318, 0.8081986387532192)","(676, 0.7689566144907316)","(440, 0.7620148079342965)","(213, 0.7563049346952511)","(684, 0.753918404065396)","(88, 0.7505038937053354)","(663, 0.7451740739771301)","(547, 0.7451474663264843)","(494, 0.743682277003924)","(224, 0.7360473084544801)"
"(458, 0.9092730528476863)","(288, 0.9044315070079713)","(54, 0.8927110611751556)","(487, 0.8862103772541893)","(494, 0.883804765056931)","(662, 0.8822165204517978)","(376, 0.8789025429183458)","(583, 0.8776573957448741)","(323, 0.8766085959247194)","(580, 0.8764668932602071)"
"(193, 0.8336432469347129)","(430, 0.8150395085922968)","(288, 0.8088903522284262)","(274, 0.8069572693341228)","(676, 0.8063866167207734)","(479, 0.8056601102624454)","(680, 0.8042476815953072)","(583, 0.802204136898091)","(458, 0.8003670851305822)","(203, 0.799747193041412)"
"(621, 0.9092074245883788)","(438, 0.8890229497318122)","(288, 0.8850156088415025)","(376, 0.8845978250185393)","(317, 0.8811089200791905)","(672, 0.8787930223493012)","(455, 0.8771050641148188)","(358, 0.8747946669119592)","(265, 0.8742546954702115)","(564, 0.8728705373979899)"
"(663, 0.8755904367724427)","(44, 0.8586645352307183)","(448, 0.8515394387251174)","(547, 0.8470992756939429)","(594, 0.8430639526100224)","(317, 0.8421223979457272)","(226, 0.8414589452052934)","(3, 0.8412696171834508)","(138, 0.8398298106152848)","(715, 0.8361532380696455)"
"(153, 0.7791820887952321)","(158, 0.7611624889440853)","(683, 0.7556976891293227)","(421, 0.7428058558936395)","(187, 0.7417290807121526)","(242, 0.7373833506035647)","(664, 0.7362141087438339)","(381, 0.7351555620468543)","(237, 0.7149025884449275)","(260, 0.7138114215160742)"
"(438, 0.902930106471874)","(547, 0.8988668320976363)","(621, 0.8984967454183446)","(663, 0.8943195094428549)","(455, 0.8932050494267154)","(684, 0.8895334021433989)","(430, 0.8890098872224635)","(325, 0.888731624709517)","(88, 0.8862432996404301)","(317, 0.8848036283519075)"
"(683, 0.6470158137067956)","(421, 0.6239755091559602)","(676, 0.6039872319345745)","(608, 0.5902414307430001)","(499, 0.5851900156467533)","(308, 0.5815159088892703)","(198, 0.579409150869043)","(54, 0.5753087254252475)","(288, 0.57194342125268)","(20, 0.5705664540653891)"
"(663, 0.8442619385242195)","(448, 0.8428251790177717)","(3, 0.831853544906116)","(44, 0.8292135743982763)","(547, 0.8248652782353383)","(594, 0.8047717515493895)","(514, 0.8005071194299787)","(350, 0.7995341405547026)","(226, 0.7984623785340322)","(1, 0.7977672809245646)"
"(44, 0.9091834661249876)","(602, 0.9023398257058535)","(546, 0.8908445727326598)","(222, 0.889887381038025)","(455, 0.8872762736629403)","(564, 0.8866452016922517)","(413, 0.8862087251696192)","(58, 0.8821398641580219)","(350, 0.8790350562798035)","(88, 0.8765534278732645)"
"(482, 0.8391146801804734)","(265, 0.8206069365956827)","(715, 0.8160617460072388)","(408, 0.8089788719655036)","(325, 0.8074434588748626)","(585, 0.8063778342483299)","(222, 0.8045242516071658)","(224, 0.8023295679528886)","(353, 0.7999193924948315)","(293, 0.7996685262442644)"
"(14, 0.7860451229946086)","(353, 0.7827981437620769)","(684, 0.7818381440256819)","(224, 0.7661836736993474)","(88, 0.7649785180706554)","(318, 0.7648266473391421)","(334, 0.7634909238808061)","(440, 0.7585915452817688)","(282, 0.7581797573516086)","(377, 0.7566998062057981)"
"(663, 0.8753206034250547)","(547, 0.8652156486248043)","(44, 0.8631610882359149)","(448, 0.8509505605214487)","(350, 0.8471492637147109)","(594, 0.8434007246610425)","(317, 0.8408079822857046)","(226, 0.8363522682767597)","(293, 0.8360918063377625)","(550, 0.8324450460811338)"
"(658, 0.8602804069402308)","(350, 0.8457197721071739)","(413, 0.8413333707341695)","(560, 0.8404531619660296)","(337, 0.8334540566988754)","(551, 0.8283487952716682)","(594, 0.8261987531036428)","(301, 0.8253448294037125)","(554, 0.821554236858195)","(650, 0.8194626526988402)"
"(627, 0.8395825541721418)","(44, 0.8236781499050805)","(200, 0.8232588820962757)","(67, 0.8073313715742532)","(356, 0.8046341614875501)","(79, 0.8032138732831625)","(658, 0.8004808323218666)","(663, 0.7988369372151937)","(350, 0.7915133136665191)","(550, 0.7798504806505571)"
"(309, 0.8984426254741538)","(621, 0.8909395769513306)","(288, 0.8878253649499466)","(498, 0.880657593461394)","(265, 0.8796259324455056)","(458, 0.8779361778243614)","(358, 0.8772644912379486)","(317, 0.8725809007688342)","(489, 0.8725028078496283)","(455, 0.8698106875057929)"
"(429, 0.6314975765986336)","(238, 0.5292873677754242)","(310, 0.48841682038375844)","(269, 0.47389079747439977)","(55, 0.4568446778110956)","(477, 0.44967705925872703)","(279, 0.43632475502376433)","(124, 0.4304709229957901)","(8, 0.42871464161174055)","(574, 0.42857392053833443)"
"(222, 0.8587588921182894)","(44, 0.8540134837724567)","(564, 0.8515444836290378)","(455, 0.8464879143419306)","(317, 0.8441410265270066)","(621, 0.8345435408394248)","(479, 0.8336386060213725)","(288, 0.828777655527989)","(547, 0.8262070631441247)","(350, 0.8233926983082904)"
"(687, 0.8263479994436717)","(288, 0.8232506164724538)","(325, 0.8192777194108627)","(336, 0.8182650934252788)","(438, 0.8126774445644079)","(676, 0.8075955319746057)","(430, 0.8067368710632914)","(715, 0.8066663967837833)","(371, 0.8034390418942418)","(203, 0.8031660530016722)"
"(44, 0.92150370808829)","(594, 0.9160464234455045)","(663, 0.9149764258464712)","(325, 0.910004754524712)","(222, 0.9091449653429664)","(317, 0.9067821870699042)","(479, 0.9050638628284887)","(350, 0.9033985004478884)","(455, 0.9005310844649429)","(676, 0.8984788312808869)"
"(238, 0.5185363544069241)","(432, 0.5105633658571975)","(539, 0.5011251527383563)","(504, 0.4986435902293108)","(505, 0.49593914644459536)","(645, 0.4868366457808045)","(268, 0.486497529640215)","(269, 0.48399716167858836)","(267, 0.4807364242423154)","(310, 0.4759690338226412)"
"(715, 0.812390207805062)","(631, 0.7986987027986998)","(293, 0.7913262000518992)","(581, 0.7766745389604552)","(296, 0.7710545180111249)","(226, 0.7681214743495917)","(224, 0.7648002594231982)","(61, 0.7637175704441455)","(663, 0.7580559763205047)","(114, 0.7579959346416809)"
"(663, 0.8482884408263613)","(44, 0.8480095998490607)","(317, 0.82345473609291)","(138, 0.8122490672370215)","(350, 0.8113583640581836)","(715, 0.8096263355497112)","(594, 0.807406245648649)","(676, 0.8073198137029387)","(88, 0.8069506167886913)","(222, 0.8048946892463422)"
"(715, 0.9371569713376582)","(585, 0.9131690770336764)","(266, 0.9002814879524943)","(602, 0.8985288216486638)","(296, 0.8964566585983826)","(546, 0.8802616750068983)","(226, 0.8768887978094417)","(663, 0.8745114717205895)","(325, 0.8734491183307923)","(265, 0.8698277685263088)"
"(288, 0.8977980769852516)","(325, 0.8975162485920429)","(455, 0.8967100417920237)","(479, 0.894333366697462)","(317, 0.8934514439379821)","(621, 0.8933552496982762)","(226, 0.8876219470210096)","(564, 0.8864943166292791)","(483, 0.8859973148644489)","(672, 0.8845250131321275)"
"(288, 0.9241647823739111)","(458, 0.9095531622780925)","(503, 0.9086799396059383)","(494, 0.907867070986448)","(286, 0.9039091481076209)","(455, 0.9029471044916194)","(621, 0.9024025612708307)","(358, 0.8995366425336182)","(267, 0.8968956612895416)","(213, 0.8941194986920582)"
"(288, 0.882552874295)","(489, 0.8724470381017759)","(286, 0.8676509057204738)","(458, 0.8659680822633511)","(267, 0.8614298660798647)","(358, 0.8561866718726105)","(54, 0.8529181788722353)","(303, 0.8490146194743102)","(222, 0.8471433251611296)","(479, 0.8454886012889761)"
"(676, 0.8740241656753833)","(438, 0.8731860989063471)","(621, 0.868181155169284)","(371, 0.8678251193711183)","(547, 0.8657942185686902)","(288, 0.8649507349205443)","(325, 0.8637246329079622)","(580, 0.8626794844409666)","(213, 0.861098583110773)","(293, 0.8604131961194943)"
"(458, 0.9189922153331291)","(288, 0.9139426601634545)","(611, 0.8928852141442049)","(455, 0.8916646778977126)","(483, 0.8902687409358976)","(662, 0.8844678376274967)","(376, 0.8823541884287992)","(621, 0.8811148629893873)","(222, 0.8809598161392811)","(265, 0.8771013825912417)"
"(676, 0.8318763937955612)","(494, 0.8301868034966305)","(61, 0.8295718379331092)","(376, 0.8260803726157862)","(88, 0.8224610299521274)","(583, 0.8222924177167013)","(3, 0.8221213854791147)","(487, 0.8207020186273983)","(281, 0.8203499425604391)","(683, 0.8168288239781964)"
"(715, 0.6950513533137428)","(275, 0.6945529634365861)","(546, 0.6921653717929506)","(88, 0.6918976928405556)","(44, 0.6915219532657267)","(602, 0.689368899023024)","(222, 0.6891963733384128)","(158, 0.6796752910723528)","(530, 0.679035355324813)","(50, 0.6777620820774468)"
"(458, 0.9010261465677298)","(288, 0.8958179472064973)","(54, 0.8946025469323446)","(502, 0.8937802858555146)","(494, 0.8924914780827237)","(676, 0.884132786970601)","(552, 0.8836612258095033)","(336, 0.8828992182141444)","(611, 0.8826717913072336)","(308, 0.8758978675189818)"
"(308, 0.8079179976029524)","(267, 0.8024933784831754)","(288, 0.8013362452122532)","(458, 0.79740443441058)","(459, 0.7906772528840749)","(275, 0.7893308925080351)","(203, 0.7885766071736454)","(489, 0.7884272774042134)","(278, 0.7877728991693331)","(54, 0.7874194912071856)"
"(458, 0.8072129959972041)","(502, 0.801869398621945)","(288, 0.8010259887106369)","(396, 0.7789929139968453)","(494, 0.7788771681728612)","(54, 0.7788468797543345)","(203, 0.7773425702208484)","(580, 0.7762755020172823)","(611, 0.7743197121663529)","(265, 0.7742755622263455)"
"(265, 0.8685519607627454)","(611, 0.8640908201650985)","(54, 0.8638274634673668)","(458, 0.8565452745093042)","(394, 0.8448643065122801)","(288, 0.8430031528697983)","(489, 0.84184546423576)","(605, 0.8402671780708916)","(494, 0.8367093853880183)","(582, 0.83595503246954)"
"(107, 0.7528259988868391)","(192, 0.72517396624697)","(478, 0.6998270670314768)","(546, 0.6948593952987561)","(44, 0.6888066461310364)","(74, 0.6857209261399617)","(550, 0.6802638906212854)","(413, 0.679702259964636)","(658, 0.679249862832839)","(602, 0.6791498304027085)"
"(458, 0.8529166895765875)","(222, 0.8526391297405694)","(715, 0.8455416675754418)","(376, 0.8444699412421215)","(455, 0.8403684323434919)","(479, 0.8396606411595691)","(583, 0.8393739073249273)","(288, 0.8370559028432517)","(61, 0.8360111559270401)","(394, 0.8353629826735214)"
"(458, 0.911692199908996)","(611, 0.9077826976157573)","(455, 0.898345263370847)","(605, 0.8982912321515129)","(376, 0.8949225680468613)","(494, 0.8947702683289971)","(288, 0.8907456278621266)","(265, 0.8877127569765227)","(545, 0.8843376468912018)","(54, 0.8841285651142256)"
"(337, 0.9118087648165996)","(503, 0.9065218222973994)","(288, 0.8989078052434853)","(458, 0.8958150526710837)","(54, 0.8930954127929034)","(286, 0.8925127281085627)","(662, 0.8917191773844819)","(323, 0.8835550392443497)","(500, 0.8817237664413672)","(489, 0.8761567850419487)"
"(458, 0.9314050968187203)","(288, 0.92531809811785)","(455, 0.9122996142716081)","(376, 0.9116132222814954)","(494, 0.90758808576302)","(621, 0.9025988857578164)","(203, 0.9020945129910838)","(54, 0.8995436070748255)","(265, 0.8981342996151678)","(676, 0.8971087172219867)"
"(88, 0.8545109366799247)","(313, 0.8433219266345586)","(602, 0.8328815708165278)","(715, 0.8196499683753227)","(663, 0.8188348764514265)","(61, 0.8154857735467564)","(224, 0.811071437326698)","(114, 0.8071018205615885)","(296, 0.8059306744781479)","(320, 0.805775077779084)"
"(676, 0.9027262281573123)","(288, 0.8951463038591525)","(458, 0.889308911481862)","(621, 0.8872296051615987)","(264, 0.8838128283601748)","(213, 0.8836416315113893)","(286, 0.8829276356028646)","(36, 0.879239352170182)","(342, 0.8791116644833883)","(611, 0.8782633387041829)"
"(611, 0.7662284761711898)","(43, 0.7658104330479971)","(676, 0.7626793723719492)","(502, 0.7617425682521471)","(54, 0.7577128715137745)","(377, 0.7574664274941016)","(334, 0.757428988324028)","(28, 0.7552684905138611)","(409, 0.7539969302534798)","(288, 0.7537910981150066)"
"(683, 0.835041021799972)","(458, 0.8269381289043871)","(288, 0.8266391028682756)","(61, 0.8212862691797516)","(455, 0.8182192631602621)","(583, 0.8164594482514579)","(88, 0.8153827386971226)","(580, 0.8151203861989014)","(148, 0.8126305189722569)","(684, 0.8117627312302544)"
"(401, 0.7744706974523223)","(381, 0.7466873709425157)","(299, 0.7259777952761244)","(34, 0.7087659991139283)","(261, 0.7022634204856564)","(583, 0.6871739740990963)","(690, 0.6836950421418324)","(679, 0.6811949627380178)","(250, 0.679332609755424)","(570, 0.678290638961674)"
"(663, 0.7324873223504678)","(715, 0.727449221204762)","(226, 0.7117248114000363)","(520, 0.7083295289965246)","(138, 0.7054312178989168)","(325, 0.7020449901767376)","(308, 0.7006333995422778)","(721, 0.7004644848229018)","(605, 0.699838801839136)","(440, 0.6991585122567439)"
"(458, 0.9450868754459041)","(288, 0.9382697695422162)","(376, 0.9308886779079057)","(611, 0.92401190355541)","(54, 0.9239134098145277)","(455, 0.9223756800256544)","(265, 0.9143569095970433)","(662, 0.9137137831497804)","(503, 0.912558693375159)","(494, 0.9073169432406208)"
"(376, 0.8148964593844932)","(455, 0.8035902883359088)","(147, 0.7969060387919746)","(288, 0.7951836880807348)","(583, 0.7943440117424578)","(458, 0.789574105896113)","(336, 0.7891938437579697)","(479, 0.7872705837022049)","(547, 0.786502224174624)","(494, 0.784835764465667)"
"(376, 0.616903714427411)","(172, 0.6011307840452873)","(474, 0.5989876952019265)","(385, 0.590714025883688)","(54, 0.5872481704986962)","(676, 0.5795136363680696)","(598, 0.5774854537809458)","(569, 0.577418503858191)","(605, 0.5746578374671498)","(336, 0.5738374640507417)"
"(487, 0.7988254355765709)","(650, 0.7892938912921303)","(88, 0.7701957437334734)","(317, 0.7659648109083477)","(663, 0.764341494523313)","(326, 0.7642846034977094)","(538, 0.7630970026658037)","(601, 0.7624799726379494)","(350, 0.7613168838722454)","(44, 0.7582108728725794)"
"(288, 0.8111651854149798)","(54, 0.8025238502781137)","(28, 0.8011031715709551)","(285, 0.7989042684173353)","(308, 0.7943101532088875)","(323, 0.7929230321130594)","(458, 0.7920488006565254)","(500, 0.7910104111266667)","(385, 0.7882398191734934)","(569, 0.7877355907933812)"
"(44, 0.8118488623242444)","(546, 0.8083529639833801)","(602, 0.7938182134178704)","(79, 0.7853581350400941)","(413, 0.7842425754616301)","(301, 0.7832777755342191)","(222, 0.7821576411358561)","(547, 0.7803619680875729)","(350, 0.779128729070697)","(663, 0.7783396115050422)"
"(288, 0.9183992032607892)","(458, 0.8986560261775716)","(646, 0.884874211244954)","(439, 0.8822972006713483)","(676, 0.8776480303076424)","(621, 0.8757274701436875)","(580, 0.875285920688267)","(376, 0.8748833990791064)","(54, 0.8742046148291349)","(385, 0.8706731548379197)"
"(264, 0.7069131192193657)","(663, 0.68696874348836)","(721, 0.6748061502029916)","(676, 0.659740513785326)","(293, 0.6525509163288941)","(44, 0.6507989980020512)","(350, 0.6498825353980997)","(138, 0.648283302886637)","(594, 0.645419290069388)","(715, 0.6371328138938881)"
"(715, 0.9138961832298425)","(265, 0.9096058525742958)","(455, 0.9094717590206797)","(317, 0.9080187960742176)","(547, 0.9045178589600771)","(602, 0.903551025907296)","(376, 0.9031251469861123)","(88, 0.9030881467859797)","(546, 0.9029249700823682)","(605, 0.8981177047080108)"
"(44, 0.8722853234318281)","(663, 0.8574999943343358)","(350, 0.8439303422122928)","(658, 0.8418346233170004)","(67, 0.8371684876415441)","(594, 0.83220942146591)","(550, 0.828539487488015)","(413, 0.8274505540937886)","(627, 0.825904058894604)","(200, 0.8248488513927498)"
"(663, 0.9201586757673226)","(44, 0.9010792818120805)","(412, 0.899543190725189)","(265, 0.8977667152274529)","(325, 0.8954917514728462)","(715, 0.8939772628144165)","(602, 0.892871719678539)","(222, 0.891778733634015)","(721, 0.8884368386268103)","(479, 0.8879792133790441)"
"(350, 0.9306044024667344)","(44, 0.9214892155172887)","(658, 0.9200369156957846)","(413, 0.9129679172057735)","(550, 0.9034809860799669)","(594, 0.9034085636585731)","(663, 0.9023084078116708)","(414, 0.8969210462083039)","(546, 0.8883178289682202)","(65, 0.8864066613967154)"
"(44, 0.8538445071854994)","(663, 0.8333608391226536)","(200, 0.8277629612034185)","(627, 0.8224544885739085)","(67, 0.8222876832298724)","(658, 0.816348560910926)","(350, 0.8141392988716072)","(79, 0.8096263168232966)","(550, 0.8039015667696044)","(413, 0.8010932900653496)"
"(334, 0.8520042624012522)","(38, 0.8502278348842952)","(288, 0.8429518577007873)","(226, 0.83358694120034)","(715, 0.8332815473353352)","(569, 0.8329483540673075)","(265, 0.8258076786057218)","(385, 0.8231858287720927)","(582, 0.8224966282530795)","(172, 0.8223631617311533)"
"(288, 0.8563166266693368)","(676, 0.8470665234592964)","(385, 0.8457756490416493)","(621, 0.8431897832724207)","(458, 0.8425213319230549)","(323, 0.8400488592964193)","(334, 0.8388105441590148)","(580, 0.8378144383319993)","(598, 0.8357517275824289)","(54, 0.8309515302298354)"
"(458, 0.8599141850631931)","(494, 0.8556499655589798)","(288, 0.849137974232409)","(265, 0.8473241314902002)","(147, 0.8451546302211522)","(455, 0.8449704085685108)","(376, 0.8419492237212155)","(88, 0.8395273979299165)","(329, 0.8392173351359677)","(138, 0.8390038543194067)"
"(478, 0.8240999245032877)","(602, 0.820110781999186)","(546, 0.8145444113393538)","(476, 0.8088579369776403)","(44, 0.8084501659880031)","(413, 0.8029903762033226)","(424, 0.8019876935541543)","(58, 0.7979393839960525)","(28, 0.7975306257660801)","(286, 0.7869230651790052)"
"(288, 0.9198251652528509)","(458, 0.8983120231227901)","(265, 0.8869311294670712)","(621, 0.8828349022876238)","(580, 0.8825386949220733)","(438, 0.8812983088468603)","(646, 0.8797093245944652)","(213, 0.8786215067592906)","(498, 0.8773851625122895)","(430, 0.8763864113904887)"
"(627, 0.8299933577880056)","(200, 0.8092905653027229)","(356, 0.7787340569745549)","(67, 0.7675029758417)","(79, 0.7547471186241916)","(5, 0.7422697033794539)","(44, 0.7420365167779248)","(628, 0.7390518450513135)","(658, 0.7308167750564416)","(663, 0.7152103319242391)"
"(337, 0.8650556853354838)","(689, 0.854760327674568)","(500, 0.8463569534128421)","(345, 0.8453208301682442)","(286, 0.8393250723931438)","(234, 0.8359016339538581)","(620, 0.8288253656477436)","(601, 0.8204303481306813)","(75, 0.8123942937753568)","(36, 0.8005550737823239)"
"(547, 0.8336938762500133)","(455, 0.8308608776916603)","(317, 0.8237647635294757)","(684, 0.8212793759309203)","(621, 0.8150471138673295)","(61, 0.8126371002883336)","(438, 0.8113841366067691)","(226, 0.8084499417301897)","(509, 0.808430519305672)","(631, 0.8081339655767429)"
"(493, 0.7588056901073978)","(187, 0.7443709034644508)","(227, 0.7361182024010339)","(73, 0.7358687527604493)","(158, 0.7350853823407841)","(664, 0.7342691109746355)","(381, 0.7319549696911705)","(683, 0.7296197328955917)","(287, 0.7284048495477831)","(150, 0.7112668993732406)"
"(44, 0.9504575458462104)","(413, 0.9326527463929577)","(317, 0.9301141364017189)","(350, 0.9208929470737126)","(222, 0.9207322215391487)","(547, 0.9160715458387614)","(663, 0.9160576881812812)","(546, 0.9129305913338612)","(621, 0.9108268007012637)","(479, 0.9093547728548517)"
"(611, 0.8922400815232193)","(458, 0.8799201912988721)","(662, 0.8768234028528648)","(36, 0.8695375094845083)","(503, 0.868871739161682)","(394, 0.8634363889214343)","(54, 0.8619633282493233)","(494, 0.8619171213512298)","(545, 0.856931029041162)","(288, 0.8568855182988948)"
"(337, 0.9038068428005985)","(286, 0.8947024051265757)","(36, 0.8780987137285415)","(458, 0.8646093058446425)","(288, 0.8637617004051608)","(620, 0.8568919818507219)","(502, 0.8562892733964766)","(676, 0.8561762171263674)","(500, 0.8507502408227964)","(172, 0.8498521021235781)"
"(350, 0.8545683542555786)","(594, 0.8535809303855233)","(44, 0.8466446526854734)","(658, 0.8444924447518956)","(58, 0.8420467982269009)","(663, 0.8379118820264647)","(676, 0.8366807707557341)","(602, 0.8333467458358508)","(650, 0.8219999904039645)","(222, 0.8219626433594147)"
"(172, 0.8163149199420425)","(337, 0.7968878705510697)","(620, 0.7905207338772342)","(36, 0.7879211718638373)","(288, 0.7833758132079448)","(54, 0.7784737570925233)","(116, 0.7783524421341692)","(458, 0.7764709976291604)","(336, 0.7758378307595124)","(503, 0.7755267151729364)"
"(439, 0.9253827269224085)","(621, 0.9166447521752369)","(413, 0.9077660749725373)","(358, 0.9071873947866389)","(350, 0.9067418291513809)","(455, 0.9064760352414951)","(204, 0.9052918786884345)","(317, 0.9035466501121638)","(438, 0.9026303962445508)","(44, 0.9023350169613882)"
"(3, 0.8499625108231553)","(304, 0.8019830377905066)","(621, 0.7927867827606534)","(547, 0.7912203059727916)","(494, 0.7900670546873891)","(676, 0.7897684613140321)","(295, 0.7883486241346969)","(344, 0.7880147688218295)","(376, 0.7844915731674951)","(479, 0.7844287215886259)"
"(509, 0.8633513938015824)","(621, 0.8521607445532352)","(455, 0.8345311917327426)","(309, 0.8315946149724135)","(376, 0.8286948047374647)","(288, 0.8273190926994645)","(222, 0.8228735812149637)","(358, 0.8172233546903138)","(583, 0.813132750161611)","(295, 0.8123932986695139)"
"(494, 0.888101648530083)","(458, 0.8826416544102687)","(288, 0.8823139833713258)","(602, 0.8820173115404223)","(676, 0.8785477338384897)","(715, 0.8752227772180765)","(58, 0.8725286977578632)","(455, 0.8718671830333972)","(265, 0.8676394310866384)","(376, 0.8646770517460628)"
"(61, 0.7491460227791062)","(96, 0.7464362387445265)","(88, 0.7308630081931251)","(585, 0.7278179532587691)","(715, 0.7264970847087211)","(631, 0.713286984663475)","(163, 0.7084952658999026)","(203, 0.7059045913285988)","(409, 0.7053885276714109)","(36, 0.7034325239550987)"
"(128, 0.8955375265508232)","(455, 0.864296332575907)","(479, 0.8592654998005776)","(288, 0.8559381877544048)","(564, 0.8499235578433615)","(583, 0.8495826100215735)","(458, 0.8490474384269784)","(430, 0.8452186571265135)","(222, 0.8434501080349855)","(226, 0.8416946869973085)"
"(350, 0.9147272048434218)","(44, 0.914672292920564)","(594, 0.9060252652815286)","(663, 0.8976699073073363)","(550, 0.8940992960845383)","(317, 0.8929258641444058)","(455, 0.8879341228944944)","(14, 0.8874004590100625)","(547, 0.8873553725469179)","(684, 0.8855644107513427)"
"(158, 0.8037633344178279)","(61, 0.7754704618334283)","(376, 0.7701156673600551)","(88, 0.7667613962293025)","(456, 0.765565083553196)","(138, 0.7641852839533565)","(455, 0.7579635954697388)","(458, 0.7546675561198376)","(224, 0.7546037113614338)","(683, 0.7539269471359634)"
"(687, 0.7051111129322261)","(297, 0.705091441808226)","(598, 0.6930169813921359)","(188, 0.6844661806910386)","(486, 0.6832412355024648)","(376, 0.6816489354411338)","(494, 0.6798939046307627)","(487, 0.6792797660547217)","(3, 0.6785871009674113)","(686, 0.6779660700103269)"
"(350, 0.872331052520537)","(658, 0.8686956232818015)","(414, 0.8648616529541793)","(663, 0.8646006561835864)","(676, 0.86294865309373)","(44, 0.862132652425372)","(413, 0.8601863463462285)","(650, 0.8560450114315529)","(67, 0.85381819605111)","(594, 0.8535381657637524)"
"(88, 0.8987149528922922)","(317, 0.8933857590516009)","(44, 0.8895706126196142)","(14, 0.8895346052341)","(564, 0.8879705776776238)","(222, 0.8856681291743197)","(455, 0.8811267091642618)","(271, 0.8791781849395517)","(684, 0.8776150935043238)","(621, 0.8766244451766452)"
"(44, 0.9381570963333015)","(222, 0.926115599447374)","(594, 0.9250233188533473)","(479, 0.9246019150636567)","(325, 0.9228186503611392)","(663, 0.9222078244360717)","(317, 0.9208472057810104)","(621, 0.9175419320988756)","(413, 0.9147604873536153)","(546, 0.9134756459910167)"
"(430, 0.8371814462558522)","(621, 0.8366551703495105)","(288, 0.8341574774081173)","(222, 0.8204696878089475)","(580, 0.819882012642965)","(564, 0.813568744798958)","(687, 0.8126325191244368)","(458, 0.8122999780052802)","(483, 0.8121766147985907)","(676, 0.8102749301675846)"
"(587, 0.661507569898815)","(401, 0.6266372732754332)","(395, 0.6242449763864368)","(149, 0.6221140223106387)","(585, 0.6211036149843431)","(50, 0.6184269710194035)","(61, 0.6174467148782208)","(458, 0.6138941232227487)","(288, 0.6120912650247148)","(583, 0.6087023963241416)"
"(601, 0.9003079748776388)","(620, 0.8627143663177022)","(458, 0.8618625001352911)","(503, 0.8569429134600081)","(286, 0.8560677750823396)","(288, 0.8533562154248971)","(662, 0.8458789318630615)","(54, 0.8438306947732603)","(619, 0.8373041532905945)","(487, 0.836657858561254)"
"(148, 0.7423099392517374)","(605, 0.7380060204930114)","(61, 0.7377610617963697)","(147, 0.7365354874009722)","(409, 0.7186685966378695)","(88, 0.7152055415626634)","(483, 0.7113758240986685)","(317, 0.7109322467804293)","(631, 0.7076902240150921)","(376, 0.7075744161572417)"
"(288, 0.8751250586558189)","(621, 0.856043437570458)","(498, 0.8518858676125534)","(458, 0.8511276622318946)","(430, 0.8511178786747643)","(265, 0.8495316621940592)","(213, 0.8471997364607602)","(376, 0.8470538687692264)","(128, 0.8430771168378774)","(358, 0.8421660452827973)"
"(50, 0.6214652230133733)","(683, 0.5809077339107973)","(244, 0.5737756088113828)","(189, 0.551584818159548)","(637, 0.5500197769696423)","(305, 0.5402582635228707)","(353, 0.5381735913382479)","(381, 0.5370354680144058)","(518, 0.5341868684686932)","(704, 0.528415144278913)"
"(663, 0.8790883971671918)","(88, 0.8739634451509253)","(413, 0.8645678503065974)","(312, 0.8638370096371566)","(594, 0.8616795971431792)","(621, 0.8585034529957488)","(602, 0.8578017580339806)","(650, 0.8552440284181034)","(326, 0.8541895988480113)","(317, 0.8524214814965985)"
"(439, 0.7702188060242525)","(430, 0.7592884323660056)","(274, 0.756203132417526)","(134, 0.7550351591915336)","(237, 0.7489908343953717)","(687, 0.7489165278260832)","(707, 0.7455458816093522)","(616, 0.7429917975309892)","(566, 0.7418030643375464)","(567, 0.740649576970867)"
"(487, 0.8105848271137474)","(265, 0.8012278603910112)","(458, 0.8001689037733457)","(570, 0.8001354788696127)","(178, 0.8000937217991705)","(54, 0.7986476732029795)","(583, 0.7958022223587335)","(564, 0.7941056049178209)","(288, 0.7936447092706403)","(317, 0.7931987361882951)"
"(288, 0.9140439723851469)","(458, 0.9073505416825478)","(676, 0.8932082079002047)","(662, 0.8930315787284178)","(611, 0.8929437265610385)","(54, 0.8911815330074625)","(621, 0.8899018855067198)","(36, 0.8879497222426465)","(438, 0.885248508488993)","(265, 0.884700550910685)"
"(545, 0.8762495403392184)","(455, 0.8747774065711187)","(376, 0.8656083431312931)","(487, 0.8627705588444016)","(582, 0.8622640493953102)","(547, 0.8589657986727608)","(317, 0.858267158928433)","(509, 0.8571122990841484)","(605, 0.855147953880794)","(494, 0.8540913861617351)"
"(458, 0.9283205358296118)","(662, 0.910218058530585)","(54, 0.9059096994090203)","(503, 0.904528342929226)","(502, 0.9000492636484541)","(611, 0.8980857525998278)","(394, 0.8931143410143922)","(286, 0.8890094311143275)","(337, 0.8889648762920559)","(288, 0.8858690240430163)"
"(594, 0.8662374511789286)","(350, 0.8544361721117858)","(650, 0.8509200088586091)","(413, 0.8450102205376744)","(325, 0.8418151021351732)","(53, 0.8410804340045628)","(715, 0.8395091956056392)","(44, 0.8369485954400091)","(293, 0.8365878007102091)","(663, 0.8350840817156995)"
"(560, 0.8303268911389423)","(88, 0.81884724551661)","(658, 0.8009774447879527)","(594, 0.8000499096312592)","(317, 0.7979140099081605)","(14, 0.7957485761092529)","(602, 0.7916978953087148)","(312, 0.7913187576311338)","(120, 0.79121083392715)","(222, 0.7908385285232608)"
"(288, 0.8194560606051571)","(568, 0.8175626904040116)","(579, 0.8141150856726035)","(489, 0.8121619331381391)","(265, 0.8110067495584088)","(220, 0.8079639596529464)","(616, 0.8039490901920794)","(687, 0.801002766476683)","(580, 0.7998755841572747)","(430, 0.7986345584568291)"
"(329, 0.7812938858707343)","(439, 0.7688722284400249)","(509, 0.7647977185001538)","(518, 0.7644520708464456)","(482, 0.763482042968448)","(274, 0.762359586638359)","(271, 0.7595207742859376)","(568, 0.7589997683302214)","(88, 0.7560202810657417)","(237, 0.7556798712886337)"
"(329, 0.7273234434393441)","(482, 0.7232121616891671)","(561, 0.7211126641930914)","(518, 0.7092106574488205)","(399, 0.6953668339004988)","(568, 0.6941100586552047)","(440, 0.6906445053920529)","(664, 0.6874238003067004)","(663, 0.6872951221955446)","(237, 0.6864164335105842)"
"(373, 0.5526963675943213)","(477, 0.5503036638679638)","(574, 0.4950635651835303)","(562, 0.4797063007135719)","(316, 0.38872950372827175)","(59, 0.38187105148193035)","(277, 0.3735884509567763)","(324, 0.37349743803957103)","(89, 0.3717932159155021)","(30, 0.37043556156900465)"
"(172, 0.7965722899261287)","(288, 0.790445444276027)","(676, 0.7880723997842158)","(267, 0.7826973453203088)","(502, 0.7814192526127015)","(664, 0.7783823800610498)","(54, 0.7782472592354172)","(458, 0.7748458979558208)","(308, 0.7740541135937422)","(663, 0.7738131735783027)"
"(134, 0.8729534824828533)","(430, 0.8672922052389667)","(583, 0.8669678787927355)","(564, 0.8619559994765569)","(222, 0.8605136178948727)","(18, 0.8572888677886127)","(376, 0.8557629708114975)","(288, 0.8534396321228016)","(483, 0.8517175033385335)","(274, 0.851438415759814)"
"(226, 0.9369726009927513)","(317, 0.9348848326485812)","(547, 0.9226564482903674)","(455, 0.9216193479175476)","(222, 0.9208348987246189)","(44, 0.9202915207801873)","(458, 0.9193801728698671)","(715, 0.918126998742252)","(663, 0.9173797047022054)","(621, 0.9171832681633407)"
"(61, 0.8326046058745429)","(376, 0.8199359656867581)","(288, 0.817214311750853)","(224, 0.8137234312264663)","(244, 0.8129143827434713)","(672, 0.8128691960148664)","(409, 0.810392602138038)","(458, 0.8089530114674299)","(715, 0.8087545408489383)","(353, 0.8084316097084343)"
"(502, 0.6552847547801552)","(377, 0.6454950531187101)","(660, 0.6417490023913877)","(293, 0.6405193373121949)","(663, 0.6368842732236405)","(440, 0.6339765058066973)","(224, 0.6289275773851061)","(676, 0.6259510475726215)","(408, 0.6238102063303611)","(318, 0.623743882301915)"
"(317, 0.9068073087098842)","(547, 0.902071975209167)","(621, 0.8979814546030989)","(476, 0.8979459711162853)","(44, 0.8978108519653255)","(413, 0.8975629168256904)","(222, 0.8975496792140567)","(325, 0.8966594210905179)","(546, 0.8965699483529521)","(455, 0.8942124798447633)"
"(317, 0.9152852904768949)","(546, 0.9146473399218807)","(222, 0.911494887564614)","(265, 0.9109718943929015)","(621, 0.9087694333173149)","(44, 0.9083698328041829)","(413, 0.9066722195892478)","(545, 0.9059139535203942)","(455, 0.9055780932703306)","(547, 0.9033999005082907)"
"(350, 0.8991051571831847)","(301, 0.898767440735887)","(413, 0.8892946401650031)","(286, 0.8886322277869674)","(44, 0.884660976665903)","(550, 0.8809532495092515)","(560, 0.8786639237013425)","(650, 0.8772481375550736)","(658, 0.8740392687587475)","(594, 0.8711926880402044)"
"(308, 0.8537690809834644)","(267, 0.852784347714787)","(288, 0.8505763270383575)","(286, 0.8481484873044633)","(337, 0.847057803753694)","(301, 0.8456745590096864)","(307, 0.8425690899190177)","(54, 0.8411741281566434)","(350, 0.838701253194039)","(58, 0.8378277666391145)"
"(265, 0.9123355607353743)","(621, 0.911050419990103)","(288, 0.9110249729741917)","(458, 0.9094423076260568)","(564, 0.9071331189335579)","(631, 0.9038113776387975)","(583, 0.8994090300256977)","(317, 0.8984264261139804)","(483, 0.8965634722146721)","(672, 0.8958724204794914)"
"(265, 0.8766200260814672)","(586, 0.859538843722124)","(582, 0.8417442100820398)","(715, 0.8413568668033196)","(672, 0.8367139754120941)","(288, 0.8353215348491962)","(325, 0.8318008847666656)","(663, 0.8290706002485257)","(213, 0.8268780616778402)","(621, 0.8253803608954777)"
"(658, 0.72465070626392)","(293, 0.7153792164727981)","(350, 0.7124401185308343)","(377, 0.7114633535878322)","(46, 0.7102885834140384)","(594, 0.7096148163159345)","(44, 0.7066216581708666)","(663, 0.7050114344340175)","(482, 0.7005513801649756)","(550, 0.6948813010451799)"
"(376, 0.8374146488010025)","(288, 0.8353090100638273)","(458, 0.8351849529403238)","(61, 0.8336771825024617)","(455, 0.8334491668647004)","(244, 0.8277534812263052)","(715, 0.825730501437749)","(222, 0.8250664960499685)","(583, 0.8250658522925249)","(265, 0.8241579347956154)"
"(552, 0.8798114430384503)","(582, 0.8790145744062265)","(427, 0.8687018860345308)","(308, 0.858842062499402)","(16, 0.8575716053369993)","(503, 0.8522553462865423)","(494, 0.8520282059679081)","(175, 0.8517319896055335)","(54, 0.8492274337507919)","(611, 0.8468574967431205)"
"(173, 0.6505810859169414)","(499, 0.6492934009006902)","(404, 0.6440523662023951)","(530, 0.625863510611289)","(146, 0.6171810629439881)","(664, 0.609225616170197)","(20, 0.6066679313006376)","(683, 0.5951515423563585)","(465, 0.5929778625135711)","(48, 0.5906446266997838)"
"(88, 0.9036621274694545)","(560, 0.901799070659538)","(44, 0.8891024889480577)","(413, 0.8886713711965843)","(663, 0.8880671733031951)","(550, 0.8853132716990768)","(621, 0.8835799684389917)","(350, 0.8834235923895392)","(317, 0.8827682922177291)","(676, 0.8824199860833901)"
"(288, 0.9221571493689144)","(458, 0.9221569160766988)","(621, 0.9136069452147251)","(286, 0.9018803022096316)","(503, 0.8995886481236233)","(455, 0.8995362536528997)","(502, 0.8992777643392503)","(487, 0.8974352263334642)","(494, 0.8970691703451784)","(676, 0.8961790387697961)"
"(220, 0.8573148462149284)","(175, 0.8463968576544669)","(38, 0.8395317904092431)","(288, 0.8378927711987806)","(582, 0.8320815395937116)","(611, 0.8281915848469079)","(385, 0.8279081636347722)","(621, 0.8268295682368358)","(427, 0.8266072300938837)","(569, 0.8247139169527404)"
"(288, 0.8323014730670386)","(663, 0.8319682556532801)","(715, 0.8293601064939619)","(265, 0.8280273844704991)","(489, 0.8273458106526411)","(546, 0.8251439273159706)","(455, 0.8235791497044589)","(54, 0.8222928343529425)","(458, 0.8209808092277817)","(602, 0.8204404408274879)"
"(499, 0.8235244629131855)","(435, 0.8165066075815224)","(458, 0.802229401493227)","(683, 0.7942835561704616)","(570, 0.7930702409742663)","(61, 0.7889620509570691)","(148, 0.7887601136325091)","(374, 0.7839475823227047)","(88, 0.7825606168648134)","(147, 0.778849648007869)"
"(583, 0.8818685598410736)","(570, 0.8709045915858955)","(647, 0.8575161513636368)","(483, 0.8526243539066027)","(265, 0.8517575493243938)","(147, 0.8510965126762535)","(631, 0.8490754645395919)","(525, 0.8479490900118195)","(288, 0.8457343590646794)","(393, 0.8452657143311949)"
"(288, 0.873782641425531)","(663, 0.8733350901144808)","(458, 0.8585947093741069)","(564, 0.85731897053546)","(455, 0.8558456424848309)","(44, 0.8540240795785735)","(325, 0.8539758302691455)","(479, 0.8525495915272154)","(213, 0.8484928224604847)","(676, 0.8472087562656921)"
"(557, 0.7751025347051722)","(715, 0.7741115702224857)","(602, 0.76663011636112)","(266, 0.7631662675694227)","(538, 0.7612751341525309)","(293, 0.7518408650279536)","(546, 0.7500678456845767)","(44, 0.7469564254644594)","(550, 0.7456631411367118)","(296, 0.7446600639069324)"
"(663, 0.8943384057843913)","(317, 0.8865494113642356)","(325, 0.8803404895287027)","(547, 0.8753773633059523)","(226, 0.8753666649995657)","(88, 0.8748557342653009)","(546, 0.8734356409110948)","(296, 0.8704377036682429)","(621, 0.8697237575032195)","(715, 0.8697051102306352)"
"(213, 0.8395182514379587)","(304, 0.8264986521552997)","(621, 0.8227125699888242)","(3, 0.8197500274028239)","(672, 0.8142039563280441)","(494, 0.8128732035589437)","(547, 0.8124722573692003)","(36, 0.8113708996970082)","(676, 0.8093066671777033)","(281, 0.8079830522059789)"
"(455, 0.8519380870841298)","(147, 0.8464274162902009)","(583, 0.842846570697093)","(376, 0.8378646146728266)","(344, 0.8321451776777316)","(88, 0.8308426560669646)","(244, 0.8263998216463094)","(288, 0.8225877120193095)","(684, 0.8208822723516298)","(380, 0.820711193974814)"
"(288, 0.8666267916664139)","(676, 0.8586295821165713)","(580, 0.8551048506929926)","(489, 0.8523573230648633)","(337, 0.851601397156659)","(458, 0.8484018725191378)","(334, 0.84807378293914)","(267, 0.8463744488616891)","(494, 0.8429201899035048)","(54, 0.8421262936779128)"
"(288, 0.8948293094764732)","(458, 0.8935723723262974)","(54, 0.8768340115571744)","(676, 0.8742729200721053)","(503, 0.8721583887601778)","(337, 0.8699078711656483)","(494, 0.8676677040973206)","(580, 0.8645504538409129)","(394, 0.8633401647619858)","(36, 0.86010527985974)"
"(288, 0.8935989418835154)","(687, 0.8927177238637418)","(334, 0.8900060661420846)","(676, 0.889624536540569)","(621, 0.875152642456897)","(458, 0.8743042072401706)","(120, 0.8736160478529058)","(494, 0.8731975330655996)","(88, 0.8727032896535399)","(631, 0.86954604523012)"
"(288, 0.9009153046977945)","(265, 0.9001204780876644)","(458, 0.8845375891626506)","(455, 0.884059149534161)","(203, 0.8791644283589166)","(583, 0.8766813815461657)","(611, 0.8752502202916501)","(54, 0.8709123921551417)","(376, 0.8704513961042336)","(662, 0.8646351377368244)"
"(455, 0.8195161274140486)","(458, 0.8143833578336743)","(288, 0.8088815742768887)","(583, 0.8082184595428978)","(376, 0.8067176938556575)","(663, 0.8043867089187189)","(265, 0.8036127291407381)","(547, 0.802796016500839)","(88, 0.8009828073523104)","(621, 0.799691038578635)"
"(88, 0.8274664765830664)","(120, 0.8187646758614037)","(602, 0.8155688324913641)","(203, 0.8131600505246727)","(54, 0.8130948433342342)","(715, 0.8111523305279649)","(138, 0.8093211354163078)","(687, 0.8088743882866044)","(172, 0.8064850319523883)","(288, 0.8058097843095698)"
"(265, 0.8084440305632762)","(288, 0.8038861334622818)","(602, 0.8006074604419062)","(672, 0.7917036571881346)","(715, 0.7865875675103472)","(663, 0.785346686871254)","(546, 0.7783459686843458)","(88, 0.7772855874538626)","(458, 0.7771452912295912)","(325, 0.7735152565020238)"
"(320, 0.8329560069289162)","(313, 0.8071041111386232)","(715, 0.8042524376592035)","(317, 0.8024316382504141)","(326, 0.799124206933842)","(325, 0.7917169738061619)","(88, 0.7887005786361921)","(479, 0.7882298822184854)","(226, 0.7878991545440153)","(546, 0.7831759249278841)"
"(394, 0.8033305833314738)","(672, 0.7972721255345256)","(288, 0.7909900262232669)","(458, 0.7879690624366527)","(662, 0.7841787666394322)","(455, 0.7801874376063058)","(265, 0.777459433195994)","(611, 0.7727317220999259)","(494, 0.7695793799608044)","(147, 0.7686567458693936)"
"(293, 0.5740077868631636)","(364, 0.566059695327932)","(170, 0.5630634675883689)","(397, 0.5568241695234192)","(414, 0.555302801967173)","(19, 0.5476777414375359)","(417, 0.5439508716876029)","(447, 0.5431386434482115)","(700, 0.5406164356894222)","(674, 0.5378200936705592)"
"(317, 0.9194830677276391)","(715, 0.918133797699516)","(265, 0.9159678097896744)","(455, 0.9150973317537674)","(44, 0.9138187228925123)","(288, 0.9095200707759927)","(547, 0.9089510964045662)","(621, 0.9086456764251556)","(222, 0.9077684044743907)","(602, 0.907430212748696)"
"(44, 0.9223172648031787)","(663, 0.9159713998288614)","(350, 0.914564759060005)","(676, 0.901035516222584)","(594, 0.8996921619324321)","(550, 0.8973054249516188)","(413, 0.8935805554549676)","(658, 0.8917955691107686)","(222, 0.8906609111711684)","(650, 0.8898522550576171)"
"(594, 0.915487850328865)","(44, 0.9141276790480574)","(663, 0.9140929746247689)","(550, 0.9130555710199413)","(413, 0.9119524461465904)","(350, 0.9108494794418776)","(546, 0.9062303053036148)","(462, 0.8958306725029026)","(317, 0.8937605595281758)","(312, 0.88911680012306)"
"(458, 0.8721093408654561)","(288, 0.8695981450569816)","(499, 0.8584438490004369)","(61, 0.8544233205039453)","(376, 0.8488051268763905)","(455, 0.8487094361617575)","(439, 0.8460780090194993)","(421, 0.8437970605019354)","(54, 0.8436103150733919)","(281, 0.8424443803210153)"
"(602, 0.9047551052816611)","(44, 0.9046750815718809)","(317, 0.9000881569554662)","(413, 0.8986869517267047)","(222, 0.8975887937475868)","(550, 0.8953367645144202)","(546, 0.8948280687342451)","(88, 0.8946320592161168)","(560, 0.8878413185619374)","(663, 0.8856110531951009)"
"(44, 0.9135467541818928)","(663, 0.9056017378952103)","(546, 0.9050265380046194)","(602, 0.8951424617596626)","(413, 0.8889746156833864)","(448, 0.8877427228689838)","(715, 0.8806328467982701)","(350, 0.8789454370762142)","(547, 0.8780828521096369)","(296, 0.8764495376599839)"
"(3, 0.759598103865341)","(344, 0.7461357286319619)","(336, 0.7383536980414472)","(514, 0.7351314617994451)","(502, 0.7325799319263213)","(304, 0.7291191857777236)","(412, 0.7289222180377087)","(497, 0.7165959235305444)","(663, 0.7090951899467304)","(721, 0.7068657043665866)"
"(172, 0.7918426191647562)","(676, 0.7916737708949095)","(288, 0.7869200945969086)","(459, 0.7854475586649292)","(569, 0.7836866636313602)","(580, 0.7818444350791554)","(646, 0.773415670508626)","(663, 0.7729714068254236)","(683, 0.7709439882521532)","(458, 0.7700741120374238)"
"(663, 0.8856806127855883)","(288, 0.8712011620674301)","(721, 0.8682692392309967)","(44, 0.8661728288416096)","(455, 0.8660482558746609)","(274, 0.8654977286379754)","(715, 0.8637093655623227)","(138, 0.8624979063833189)","(479, 0.8606745368522097)","(88, 0.8602971775294983)"
"(38, 0.8790174068377279)","(36, 0.8530209733664502)","(286, 0.8514225392618529)","(175, 0.8476127352466805)","(427, 0.8458793090742571)","(308, 0.8449515606707025)","(582, 0.8447897678829692)","(552, 0.8435713409035173)","(323, 0.8413263823702519)","(337, 0.8411873137230573)"
"(288, 0.9269978104130876)","(455, 0.9194874903860266)","(621, 0.9133919262794266)","(564, 0.9127498965019774)","(222, 0.910570562386247)","(439, 0.9104675744301906)","(358, 0.9101777139317957)","(458, 0.9069611167818117)","(479, 0.9061094882613849)","(317, 0.9030734750717909)"
"(455, 0.9348553702034514)","(547, 0.930942112250634)","(682, 0.9229369019839785)","(358, 0.9181361335421981)","(288, 0.9174077754480282)","(376, 0.9161719357607938)","(621, 0.9135928490087195)","(458, 0.9134328798631869)","(317, 0.9118074189398104)","(438, 0.9116266328118139)"
"(455, 0.8962125883379838)","(317, 0.8938176423015602)","(430, 0.8924982940594064)","(222, 0.889706512703687)","(621, 0.8878347664037727)","(479, 0.8877589115208783)","(509, 0.8877280838649872)","(226, 0.8854010310619274)","(564, 0.8794410442427777)","(583, 0.8781382432660164)"
"(455, 0.9317470683569422)","(458, 0.929637659407709)","(288, 0.9295716243220324)","(265, 0.9181140979135294)","(621, 0.9116261097750374)","(358, 0.9109400912396767)","(213, 0.9097222683739048)","(682, 0.9096721703255481)","(479, 0.9067973155140693)","(376, 0.9062865850147965)"
"(288, 0.9087577881668473)","(583, 0.9037557643535337)","(458, 0.9022399270968023)","(455, 0.8955173779854988)","(88, 0.8922664798400499)","(147, 0.8885964279992834)","(687, 0.88542340454198)","(439, 0.884399142595609)","(479, 0.883342490851235)","(376, 0.8825739887867661)"
"(350, 0.8880752712689075)","(413, 0.8815828982408728)","(489, 0.8795106044060355)","(44, 0.8745989489780761)","(267, 0.8745784502625247)","(286, 0.8657311115833253)","(676, 0.863632934483515)","(288, 0.862994043400495)","(264, 0.8628217098368062)","(58, 0.8603310654517639)"
"(323, 0.9278625854610538)","(621, 0.9194534225187954)","(438, 0.9191722030926591)","(676, 0.9167771210848773)","(288, 0.9133962714744712)","(494, 0.9112807809463335)","(226, 0.9111590637924141)","(336, 0.9105231763805919)","(317, 0.9102360458079687)","(53, 0.9068270921926549)"
"(583, 0.9162543942632133)","(430, 0.8914752576072582)","(479, 0.8871704062963042)","(439, 0.8853569992452588)","(288, 0.8814612354528819)","(525, 0.8798275375826126)","(483, 0.877370025732027)","(226, 0.8773647248238194)","(621, 0.8766891765891459)","(317, 0.8765361669641578)"
"(458, 0.9445343391999377)","(288, 0.9406985636731178)","(455, 0.9339221899000425)","(621, 0.9218272671277422)","(265, 0.9194133597760215)","(222, 0.9168500250857581)","(564, 0.9168159563196165)","(88, 0.9157131382262731)","(547, 0.9153341870373873)","(663, 0.9147826407851762)"
"(147, 0.7639031854495686)","(707, 0.7578860161239154)","(583, 0.7551437169841062)","(401, 0.7412195774066205)","(244, 0.7401982111580607)","(381, 0.739192674296717)","(34, 0.7340569959836989)","(265, 0.7318758998756305)","(50, 0.7270822938524281)","(299, 0.726943056581396)"
"(663, 0.7857859563534866)","(377, 0.7678573979927691)","(67, 0.7629646587210329)","(721, 0.7607665156619001)","(440, 0.7590171046289867)","(514, 0.7559954991833381)","(448, 0.7546434444829909)","(414, 0.7460284733566592)","(293, 0.7451534368435666)","(650, 0.7440682992657182)"
"(458, 0.8471730565528901)","(376, 0.8461402892029697)","(455, 0.8443546355424872)","(187, 0.8381235215002849)","(583, 0.8322751624145982)","(12, 0.8311501645489272)","(203, 0.8275672370414136)","(61, 0.826249320867318)","(88, 0.8257353367085313)","(288, 0.8222509003522791)"
"(296, 0.9169289744438557)","(715, 0.9134235501250305)","(547, 0.9100735088650509)","(293, 0.8981871154528254)","(723, 0.8975178882456565)","(266, 0.8956109102184404)","(226, 0.8935447526624769)","(538, 0.8932114085999987)","(663, 0.891640604364774)","(631, 0.8889420202771162)"
"(715, 0.9092029765226597)","(88, 0.9011730100971262)","(602, 0.8994604950172361)","(663, 0.8943160418505394)","(546, 0.8921031877475549)","(222, 0.8884117380972414)","(44, 0.8818559875862333)","(317, 0.8817666467033078)","(296, 0.8743323763355129)","(605, 0.8741546380191942)"
"(288, 0.9150384734280553)","(54, 0.8965799739251531)","(458, 0.8942644045736772)","(662, 0.8830221949897212)","(432, 0.8677071842104994)","(336, 0.8651711953687007)","(611, 0.861245520228451)","(455, 0.8589941162633211)","(376, 0.8580925049981833)","(503, 0.8571528826686869)"
"(602, 0.7971457505473823)","(546, 0.7851554544293213)","(44, 0.7815737841251015)","(88, 0.7699844341525697)","(663, 0.7692694442514407)","(413, 0.7639074329897222)","(550, 0.7621672077114492)","(320, 0.7551981900257603)","(325, 0.7538172294131432)","(542, 0.7524770342233904)"
"(328, 0.7123832956740768)","(122, 0.6817769415493473)","(456, 0.6503665131534484)","(394, 0.6308033986731598)","(376, 0.6132010092516096)","(138, 0.611985110905271)","(54, 0.6102643551882923)","(611, 0.609754869377117)","(158, 0.609375577672955)","(458, 0.6093145366780445)"
"(58, 0.8286782083585957)","(676, 0.8267828650759967)","(288, 0.8238809877413051)","(88, 0.8162158059715456)","(265, 0.8153477755640982)","(602, 0.8135479009528575)","(564, 0.8121638164129934)","(312, 0.8109327894722892)","(458, 0.8100034122627596)","(413, 0.8086569834793811)"
"(413, 0.8830125136051741)","(594, 0.8823187599833732)","(663, 0.8785772174388797)","(350, 0.8741460516489648)","(44, 0.873541292539388)","(58, 0.8710809606662968)","(560, 0.8683423970475155)","(676, 0.8626038902090315)","(580, 0.8602977729955827)","(377, 0.8577078026381291)"
"(594, 0.7760561918019686)","(350, 0.774949249290368)","(325, 0.7731464386357143)","(663, 0.7624056959582957)","(707, 0.7622416183018199)","(580, 0.7603809469339697)","(88, 0.7597666216572494)","(483, 0.7581593458407729)","(684, 0.7579507325225519)","(121, 0.7568591616728346)"
"(489, 0.8680594385723601)","(509, 0.8626071047272998)","(458, 0.8565075434406921)","(288, 0.8538328418805557)","(547, 0.853568058101667)","(621, 0.8531161510980492)","(455, 0.8529042964317468)","(413, 0.8521539207433866)","(597, 0.8520649847166863)","(226, 0.8483443759120907)"
